judging_session,observed_N_A,observed_N_R,observed_N_C,project_id,citation,doi,open_data,category,note,study,N_A,N_R,N_J,items,judge_expertise,judging_prompt,adaptivity,comment,source
AlMaimani2017,12,4,140,AlMaimani2017,"Al Maimani, A. , & Roudaut, A. (2017). Frozen suit: designing a changeable stiffness suit and its application to increase realism in games. In Proceedings of the 2017 CHI Conference on Human Factors in Computing Systems (pp. 2440-2448). Association for Computing Machinery (ACM). https://doi.org/10.1145/3025453.3025655",10.1145/3025453.3025655,FALSE,other,NA,NA,12,4,144,Elbow patches,layperson,Which patch was more restrictive?,FALSE,"p.4: The procedure was repeated for all possible different comparisons of patches - this means all 12 pairs in {A,B,C,D}^2",NA
Bisson2016_algebra,10,46,460,Bisson2016,"Bisson, M.-J., Gilmore, C., Inglis, M., & Jones, I. (2016). Measuring conceptual understanding using comparative judgement. International Journal of Research in Undergraduate Mathematics Education, 2, 141–164.",10.1007/s40753-016-0024-3,FALSE,education,NA,algebra,10,46,460,written explanation of how letters are used in algebra,expert,NA,FALSE,NA,NA
Bisson2016_calculus,30,40,1260,Bisson2016,"Bisson, M.-J., Gilmore, C., Inglis, M., & Jones, I. (2016). Measuring conceptual understanding using comparative judgement. International Journal of Research in Undergraduate Mathematics Education, 2, 141–164.",10.1007/s40753-016-0024-3,FALSE,education,NA,calculus,30,42,1260,written explanation of derivatives,expert,NA,FALSE,"TODO: two participants were removed from analyses - check value for N_A, should it be 28?",NA
Bisson2016_stats,10,20,453,Bisson2016,"Bisson, M.-J., Gilmore, C., Inglis, M., & Jones, I. (2016). Measuring conceptual understanding using comparative judgement. International Journal of Research in Undergraduate Mathematics Education, 2, 141–164.",10.1007/s40753-016-0024-3,FALSE,education,NA,stats,10,20,"not reported - see p. 145: They were instructed to complete one hour of judging, and they completed between 25 and 50 judgements each (M =45.3, SD = 8.7), with each script being compared between 40 and 50 times (M =45.3, SD = 3.0).",written explanation of p-value,expert,NA,FALSE,NA,NA
Bisson2019,10,206,2060,Bisson2019,"Bisson, M.-J., Gilmore, C., Inglis, M., & Jones, I. (2019). Teaching using contextualised and decontextualised representations: Examining the case of differential calculus through a comparative judgement technique. Research in Mathematics Education, 22, 284–303.",10.1080/14794802.2019.1692060,https://doi.org/10.17028/rd.lboro.5845683.v1,education,NA,NA,10,189,2060,responses to an open-ended question about derivatives,expert,NA,FALSE,NA,NA
Bramley2018_1a,18,150,1079,Bramley2018,"Bramley, T., & Vitello, S. (2019). The effect of adaptivity on the reliability coefficient in adaptive comparative judgement. Assessment in Education: Principles, Policy & Practice, 26, 43–58.",10.1080/0969594x.2017.1418734,FALSE,education,"Decision data is not openly available, but contextual and other data here https://www.tandfonline.com/doi/figure/10.1080/0969594X.2017.1418734?scroll=top&needAccess=true",1a,18,150,1080,GCSE English essays,expert,Which essay is better?,TRUE,NA,NA
Bramley2018_1b,18,20,180,Bramley2018,"Bramley, T., & Vitello, S. (2019). The effect of adaptivity on the reliability coefficient in adaptive comparative judgement. Assessment in Education: Principles, Policy & Practice, 26, 43–58.",10.1080/0969594x.2017.1418734,FALSE,education,"Decision data is not openly available, but contextual and other data here https://www.tandfonline.com/doi/figure/10.1080/0969594X.2017.1418734?scroll=top&needAccess=true",1b,18,20,190,GCSE English essays,expert,Which essay is better?,FALSE,NA,NA
Bramley2018_2,16,150,1097,Bramley2018,"Bramley, T., & Vitello, S. (2019). The effect of adaptivity on the reliability coefficient in adaptive comparative judgement. Assessment in Education: Principles, Policy & Practice, 26, 43–58.",10.1080/0969594x.2017.1418734,FALSE,education,"Decision data is not openly available, but contextual and other data here https://www.tandfonline.com/doi/figure/10.1080/0969594X.2017.1418734?scroll=top&needAccess=true",2,16,150,1120,GCSE English essays,expert,Which essay is better?,FALSE,NA,NA
Clark2018_Study1,56,82,4592,Clark2018,"Clark, A. P., Howard, K. L., Woods, A. T., Penton-Voak, I. S., & Neumann, C. (2018). Why rate when you could compare? Using the “EloChoice” package to assess pairwise comparisons of perceived physical strength. PloS one, 13(1), e0190393.",10.1371/journal.pone.0190393,https://doi.org/10.17633/rd.brunel.4902977.v1,other,NA,Study1,56,82,4592,Photos of men,layperson,Which man is stronger?,FALSE,NA,NA
Clark2018_Study2,96,82,7857,Clark2018,"Clark, A. P., Howard, K. L., Woods, A. T., Penton-Voak, I. S., & Neumann, C. (2018). Why rate when you could compare? Using the “EloChoice” package to assess pairwise comparisons of perceived physical strength. PloS one, 13(1), e0190393.",10.1371/journal.pone.0190393,https://doi.org/10.17633/rd.brunel.4902977.v1,other,NA,Study2,96,82,7872,Photos of men,layperson,Which man is stronger?,FALSE,NA,NA
Coertjens2015_stress,41,35,474,Coertjens2015,"Coertjens, Liesje; Verhavert, San; Lesterhuis, Marije; Goossens, Maarten; De Maeyer, Sven. Is comparative judgment more efficient? An explorative study into the reliability efficiency trade-off when using rubrics or comparative judgment. Association for Educational Assessment Europe Conference (Glasgow, Scotland, from 05/11/2015 to 7/11/2015).",NA,FALSE,education,This was a presentation so the full text is not available; however details can be found in this Dutch language publication: https://pedagogischestudien.nl/download?type=document&identifier=641007,stress,40,35,474,Essays on the topic of stress,expert,the rater indicated which of the two texts was better,FALSE,NA,NA
Coertjens2021,8,22,202,Coertjens2021,"Coertjens, L., Lesterhuis, M., De Winter, B. Y., Goossens, M., De Maeyer, S., & Michels, N. R. (2021). Improving Self-Reflection Assessment Practices: Comparative Judgment as an Alternative to Rubrics. Teaching and Learning in Medicine, 1-11.",10.1080/10401334.2021.1877709,FALSE,education,NA,NA,8,22,200,Medical students self-reflections,expert,Which is the better self-reflection?,FALSE,NA,NA
Daal2017_sample1,56,136,1229,Daal2017,"van Daal, T., Lesterhuis, M., Coertjens, L., van de Kamp, M. T., Donche, V., & De Maeyer, S. (2017, August). The complexity of assessing student work using comparative judgment: The moderating role of decision accuracy. In Frontiers in Education (Vol. 2, p. 44). Frontiers.",10.3389/feduc.2017.00044,https://osf.io/7etq2/ Ch8>Data>01)Raw Data,education,NA,sample1,49,135,1127,"Written assignments by secondary school students in Flanders, about ""getting children""",expert,choose the essay that better evidenced the competence argumentative writing,FALSE,NA,NA
Daal2017_sample2,52,137,918,Daal2017,"van Daal, T., Lesterhuis, M., Coertjens, L., van de Kamp, M. T., Donche, V., & De Maeyer, S. (2017, August). The complexity of assessing student work using comparative judgment: The moderating role of decision accuracy. In Frontiers in Education (Vol. 2, p. 44). Frontiers.",10.3389/feduc.2017.00044,https://osf.io/7etq2/ Ch8>Data>01)Raw Data,education,NA,sample2,49,135,870,"Written assignments by secondary school students in Flanders, about ""getting children""",expert,choose the essay that better evidenced the competence argumentative writing,FALSE,NA,NA
Daal2017_sample3,13,149,2251,Daal2017,"van Daal, T., Lesterhuis, M., Coertjens, L., van de Kamp, M. T., Donche, V., & De Maeyer, S. (2017, August). The complexity of assessing student work using comparative judgment: The moderating role of decision accuracy. In Frontiers in Education (Vol. 2, p. 44). Frontiers.",10.3389/feduc.2017.00044,https://osf.io/7etq2/ Ch8>Data>01)Raw Data,education,NA,sample3,13,147,2193,High school students' visual portfolios on the relationship between technology and the senses,expert,pick each time the portfolio event that evidenced higher originality in visual arts,FALSE,NA,NA
Davies2020a,11,143,1573,Davies2020a,"Davies, B., Alcock, L., & Jones, I. (2020). Comparative judgement, proof summaries and proof comprehension. Educational Studies in Mathematics, 105(2), 181-197.",10.1007/s10649-020-09984-x,https://doi.org/10.17028/rd.lboro.8940149,education,NA,NA,11,134,1573,Undergraduate proof summaries,expert,judges clicking left or right to indicate which they judged better,FALSE,NA,NA
Davies2021_expert,29,175,1941,Davies2021,"Davies, B., Alcock, L., & Jones, I. (2021). What do mathematicians mean by proof? A comparative-judgement study of students’ and mathematicians’ views. The Journal of Mathematical Behavior, 61, 100824.",10.1016/j.jmathb.2020.100824,FALSE,education,NA,expert,29,175,1941,undergraduate responses to explain what mathematicians mean by proof in 40 words or fewer,expert,better,FALSE,NA,NA
Davies2021_novice,10,175,1740,Davies2021,"Davies, B., Alcock, L., & Jones, I. (2021). What do mathematicians mean by proof? A comparative-judgement study of students’ and mathematicians’ views. The Journal of Mathematical Behavior, 61, 100824.",10.1016/j.jmathb.2020.100824,FALSE,education,NA,novice,10,175,1740,undergraduate responses to explain what mathematicians mean by proof in 40 words or fewer,layperson,better,FALSE,NA,NA
Esen2019,459,8,12852,Esen2019,"Esen, Y. D. (2019). Scaling the teachers’ perception of competence regarding measurement and evaluation. [Unpublished Masters dissertation]. Ankara University.",NA,FALSE,education,NA,NA,459,8,12852,"Assessment competencies, e.g. ""giving effective feedback to students based on the exam results""",expert,"In whichever of the two fields in each line you find yourself more competent, check the box next to it. [Translation from the original Turkish]",FALSE,NA,snowballing
Holmes2017,33,66,1650,Holmes2017,"Holmes, S. D., He, Q., & Meadows, M. (2017). An investigation of construct relevant and irrelevant features of mathematics problem-solving questions using comparative judgement and Kelly’s Repertory Grid. Research in Mathematics Education, 19(2), 112-129.",10.1080/14794802.2017.1334576,FALSE,education,NA,NA,33,66,1650,Student responses to maths GCSE items,expert,Which item best elicits mathematical problem-solving as described by AO3?,FALSE,NA,NA
Hunter2018,39,2035,26364,Hunter2018,"Hunter, J., & Jones, I. (2018). Free-response tasks in primary mathematics: A window on students’ thinking. Proceedings of the 41st Annual Conference of the Mathematics Education Research Group of Australasia, 41, 400–407. https://eric.ed.gov/?id=ED592426",NA,FALSE,education,NA,NA,39 (paper reports 20),2035 (paper reports 1912),26364 (paper reports 12888),Primary student responses to open-ended maths questions,expert,better response,FALSE,NA,NA
Isnac2020,444,8,12432,Isnac2020,"İsnaç, F., & Doğan, C. D. (2020). Scaling of secondary school students' evaluation preferences according to learning approaches. Elementary Education Online, 19 (3), 1284-1294.",10.17051/ilkonline.2020.728048,FALSE,education,NA,NA,444,8,28,Assessment methods,layperson,What is your preferred method of assessment?,FALSE,judges made all possible paired comparisons between the 8 items,NA
Jones2013a_expert1,11,168,1217,Jones2013a,"Jones, I., & Alcock, L. (2014). Peer assessment without assessment criteria. Studies in Higher Education, 39(10), 1774–1787. https://doi.org/10.1080/03075079.2013.821974",10.1080/03075079.2013.821974,FALSE,education,NA,expert1,11,168,about half of 2797?,undergraduate calculus test,expert,which student had demonstrated the better conceptual understanding,TRUE,NA,NA
Jones2013a_expert2,11,168,1217,Jones2013a,"Jones, I., & Alcock, L. (2014). Peer assessment without assessment criteria. Studies in Higher Education, 39(10), 1774–1787. https://doi.org/10.1080/03075079.2013.821974",10.1080/03075079.2013.821974,FALSE,education,NA,expert2,11,168,about half of 2797?,undergraduate calculus test,expert,which student had demonstrated the better conceptual understanding,TRUE,NA,NA
Jones2013a_novice,9,168,1217,Jones2013a,"Jones, I., & Alcock, L. (2014). Peer assessment without assessment criteria. Studies in Higher Education, 39(10), 1774–1787. https://doi.org/10.1080/03075079.2013.821974",10.1080/03075079.2013.821974,FALSE,education,NA,novice,9,168,1217,undergraduate calculus test,layperson,better,TRUE,NA,NA
Jones2013a_peer1,100,168,1200,Jones2013a,"Jones, I., & Alcock, L. (2014). Peer assessment without assessment criteria. Studies in Higher Education, 39(10), 1774–1787. https://doi.org/10.1080/03075079.2013.821974",10.1080/03075079.2013.821974,FALSE,education,NA,peer1,100,168,about half of 2813?,undergraduate calculus test,peer,better,TRUE,NA,NA
Jones2013a_peer2,93,168,1210,Jones2013a,"Jones, I., & Alcock, L. (2014). Peer assessment without assessment criteria. Studies in Higher Education, 39(10), 1774–1787. https://doi.org/10.1080/03075079.2013.821974",10.1080/03075079.2013.821974,FALSE,education,NA,peer2,93,168,about half of 2813?,undergraduate calculus test,peer,better,TRUE,NA,NA
Jones2013b,8,25,400,Jones2013b,"Jones, I., Inglis, M., Gilmore, C., & Hodgen, J. (2013). Measuring conceptual understanding The case of fractions. In A. M. Lindmeier & A. Heinze (Eds.), Proceedings of the 37th Conference of the International Group for the Psychology of Mathematics Education (Vol. 3, pp. 113–120). IGPME.",NA,FALSE,education,NA,NA,8,25,400,Secondary student responses to a fractions test question,expert,better conceptual understanding,TRUE,NA,NA
Jones2014_Bowland030211data,12,18,173,Jones2014,"Jones, I., Swan, M., & Pollitt, A. (2014). Assessing mathematical problem solving using comparative judgement. International Journal of Science and Mathematics Education, 13(1), 151–177. https://doi.org/10.1007/s10763-013-9497-6",10.1007/s10763-013-9497-6,FALSE,education,NA,Bowland030211data,12,18,173,Secondary student responses to problem solving questions,expert,which candidate is the more able mathematician?,TRUE,NA,NA
Jones2014_Bowland070211data,11,18,143,Jones2014,"Jones, I., Swan, M., & Pollitt, A. (2014). Assessing mathematical problem solving using comparative judgement. International Journal of Science and Mathematics Education, 13(1), 151–177. https://doi.org/10.1007/s10763-013-9497-6",10.1007/s10763-013-9497-6,FALSE,education,NA,Bowland070211data,11,18,177,Secondary student responses to problem solving questions,expert,which candidate is the more able mathematician?,TRUE,NA,NA
Jones2014_GCSE030211data,12,18,151,Jones2014,"Jones, I., Swan, M., & Pollitt, A. (2014). Assessing mathematical problem solving using comparative judgement. International Journal of Science and Mathematics Education, 13(1), 151–177. https://doi.org/10.1007/s10763-013-9497-6",10.1007/s10763-013-9497-6,FALSE,education,NA,GCSE030211data,12,18,151,Secondary student responses to GCSE maths questions,expert,which candidate is the more able mathematician?,TRUE,NA,NA
Jones2014_GCSE070211data,11,18,150,Jones2014,"Jones, I., Swan, M., & Pollitt, A. (2014). Assessing mathematical problem solving using comparative judgement. International Journal of Science and Mathematics Education, 13(1), 151–177. https://doi.org/10.1007/s10763-013-9497-6",10.1007/s10763-013-9497-6,FALSE,education,NA,GCSE070211data,11,18,150,Secondary student responses to GCSE maths questions,expert,which candidate is the more able mathematician?,TRUE,NA,NA
Jones2015a_all-scripts,15,750,3607,Jones2015a,"Jones, I., & Inglis, M. (2015). The problem of assessing problem solving: Can comparative judgement help? Educational Studies in Mathematics, 89(3), 337–355. https://doi.org/10.1007/s10649-015-9607-1",10.1007/s10649-015-9607-1,FALSE,education,NA,all-scripts,15,750,3607,Secondary student responses to problem-solving maths questions,expert,most mathematically able,TRUE,NA,NA
Jones2015a_subset-of-scripts,5,250,1250,Jones2015a,"Jones, I., & Inglis, M. (2015). The problem of assessing problem solving: Can comparative judgement help? Educational Studies in Mathematics, 89(3), 337–355. https://doi.org/10.1007/s10649-015-9607-1",10.1007/s10649-015-9607-1,FALSE,education,NA,subset-of-scripts,5,250,1250,Secondary student responses to problem-solving maths questions,expert,most mathematically able,TRUE,NA,NA
Jones2015b,76,24,1983,Jones2015b,"Jones, I., & Wheadon, C. (2015). Peer assessment using comparative and absolute judgement. Studies in Educational Evaluation, 47, 93–101. https://doi.org/10.1016/j.stueduc.2015.09.004",10.1016/j.stueduc.2015.09.004,FALSE,education,NA,NA,76,24,1983,Secondary student responses to a fractions test question,peer,better understanding of fractions,unknown,NA,NA
Jones2016b_perfect,17,38,810,Jones2016b,"Jones, I., Wheadon, C., Humphries, S., & Inglis, M. (2016). Fifty years of A-level mathematics: Have standards changed? British Educational Research Journal, 42(4), 543–560. https://doi.org/10.1002/berj.3224",10.1002/berj.3224,FALSE,education,NA,perfect,18,48,810,Perfect GCSE maths scripts,expert,which student you think is the better mathematician,unknown,NA,NA
Jones2016b_realscripts,20,546,5000,Jones2016b,"Jones, I., Wheadon, C., Humphries, S., & Inglis, M. (2016). Fifty years of A-level mathematics: Have standards changed? British Educational Research Journal, 42(4), 543–560. https://doi.org/10.1002/berj.3224",10.1002/berj.3224,FALSE,education,NA,realscripts,20,546,5000,GCSE maths scripts,expert,which student you think is the better mathematician,unknown,NA,NA
Jones2017,132,139,3258,Jones2017,"Jones, I., & Sirl, D. (2017). Peer assessment of mathematical understanding using comparative judgement. Nordic Studies in Mathematics Education, 22(4), 147–164.",NA,FALSE,education,NA,NA,132,141,3258,undergraduate calculus test,peer,the better understanding,TRUE,NA,NA
Jones2019,10,189,1890,Jones2019,"Jones, I., Bisson, M., Gilmore, C., & Inglis, M. (2019). Measuring conceptual understanding in randomised controlled trials: Can comparative judgement help? British Educational Research Journal, 45(3), 662–680. https://doi.org/10.1002/berj.3519",10.1002/berj.3519,https://lboro.figshare.com/s/2d4cfa 142ebf1ff24841,education,NA,NA,10,188,1890,Primary student responses to an open-ended algebra test question,expert,which student demonstrated the better conceptual understanding of the use of letters in algebra,FALSE,NA,NA
Jones2020_brightness-equalised,1920,1111,163197,Jones2020,"Jones, S. R., Scott, C. J., Barnard, L. A., Highfield, R., Lintott, C. J., & Baeten, E. (2020). The visual complexity of coronal mass ejections follows the solar cycle. Space Weather, 18(10), e2020SW002556.",10.1029/2020sw002556,"The paired comparison data from “Protect our Planet from Solar Storms” can be found at https://figshare.com/s/7e0270daa8153bb0416e, and the code used is available at https://github.com/S-hannon/complexity-solar-cycle website",other,NA,brightness-equalised,??,??,??,"images of coronal mass ejections, with images edited to have the same brightness (see section 4.2.3 of the paper)",layperson,which of these two storms looks the most complicated?,FALSE,NA,NA
Jones2020_main-study,4028,1111,246692,Jones2020,"Jones, S. R., Scott, C. J., Barnard, L. A., Highfield, R., Lintott, C. J., & Baeten, E. (2020). The visual complexity of coronal mass ejections follows the solar cycle. Space Weather, 18(10), e2020SW002556.",10.1029/2020sw002556,"The paired comparison data from “Protect our Planet from Solar Storms” can be found at https://figshare.com/s/7e0270daa8153bb0416e, and the code used is available at https://github.com/S-hannon/complexity-solar-cycle website",other,NA,main-study,4028,1111,246692,images of coronal mass ejections,layperson,which of these two storms looks the most complicated?,FALSE,NA,NA
Kinnear2021_experts-even,8,10,160,Kinnear2021,"Kinnear, G., et al. (2021). Using compative judgement [Unpublished undergraduate dissertation]. The University of Edinburgh.",NA,FALSE,education,NA,experts-even,8,10,160,Diagnostic test questions (even-numbered),expert,which question do you think Year 1 students find most difficult?,FALSE,NA,snowballing
Kinnear2021_experts-odd,10,10,181,Kinnear2021,"Kinnear, G., et al. (2021). Using compative judgement [Unpublished undergraduate dissertation]. The University of Edinburgh.",NA,FALSE,education,NA,experts-odd,10,10,181,Diagnostic test questions (odd-numbered),expert,which question do you think Year 1 students find most difficult?,FALSE,NA,snowballing
Kinnear2021_experts-withsolutions,13,20,302,Kinnear2021,"Kinnear, G., et al. (2021). Using compative judgement [Unpublished undergraduate dissertation]. The University of Edinburgh.",NA,FALSE,education,NA,experts-withsolutions,13,20,302,Diagnostic test questions,expert,which question do you think Year 1 students find most difficult?,FALSE,NA,snowballing
Kinnear2021_students-even,10,10,200,Kinnear2021,"Kinnear, G., et al. (2021). Using compative judgement [Unpublished undergraduate dissertation]. The University of Edinburgh.",NA,FALSE,education,NA,students-even,10,10,200,Diagnostic test questions (even-numbered),novice,which question do you think Year 1 students find most difficult?,FALSE,NA,snowballing
Kinnear2021_students-odd,12,10,215,Kinnear2021,"Kinnear, G., et al. (2021). Using compative judgement [Unpublished undergraduate dissertation]. The University of Edinburgh.",NA,FALSE,education,NA,students-odd,12,10,215,Diagnostic test questions (odd-numbered),novice,which question do you think Year 1 students find most difficult?,FALSE,NA,snowballing
Kinnear2021_students-withoutsolutions,22,20,440,Kinnear2021,"Kinnear, G., et al. (2021). Using compative judgement [Unpublished undergraduate dissertation]. The University of Edinburgh.",NA,FALSE,education,NA,students-withoutsolutions,22,20,440,Diagnostic test questions (with no solutions shown),novice,which question do you think Year 1 students find most difficult?,FALSE,NA,snowballing
Kinnear2021_students-withsolutions,22,20,422,Kinnear2021,"Kinnear, G., et al. (2021). Using compative judgement [Unpublished undergraduate dissertation]. The University of Edinburgh.",NA,FALSE,education,NA,students-withsolutions,22,20,422,Diagnostic test questions,novice,which question do you think Year 1 students find most difficult?,FALSE,NA,snowballing
Kinnear2021_students-withsolutions1,8,20,142,Kinnear2021,"Kinnear, G., et al. (2021). Using compative judgement [Unpublished undergraduate dissertation]. The University of Edinburgh.",NA,FALSE,education,NA,students-withsolutions1,8,20,142,Diagnostic test questions,novice,which question do you think Year 1 students find most difficult?,FALSE,NA,snowballing
Kinnear2021_students-withsolutions2,9,20,331,Kinnear2021,"Kinnear, G., et al. (2021). Using compative judgement [Unpublished undergraduate dissertation]. The University of Edinburgh.",NA,FALSE,education,NA,students-withsolutions2,9,20,331,Diagnostic test questions,novice,which question do you think Year 1 students find most difficult?,FALSE,NA,snowballing
Luckett2018_cola,99,6,990,Luckett2018,"Luckett, C., Burns, S., & Jenkinson, L. (2018, September 21). Estimates of Relative Acceptability from Paired Preferences. https://doi.org/10.31234/osf.io/gvq97",10.31234/osf.io/gvq97,https://doi.org/10.17605/OSF.IO/SGJ6N,other,NA,cola,98,6,"980 (10 pairs per judge, completed across two sessions)",samples of commercially available cola-flavored sodas,layperson,identify the samples they preferred,FALSE,NA,NA
Luckett2018_coldbrew,100,3,300,Luckett2018,"Luckett, C., Burns, S., & Jenkinson, L. (2018, September 21). Estimates of Relative Acceptability from Paired Preferences. https://doi.org/10.31234/osf.io/gvq97",10.31234/osf.io/gvq97,https://doi.org/10.17605/OSF.IO/SGJ6N,other,NA,coldbrew,100,3,300,samples of cold-brew coffee,layperson,identify the samples they preferred,FALSE,NA,NA
Luckett2018_icecream,87,5,435,Luckett2018,"Luckett, C., Burns, S., & Jenkinson, L. (2018, September 21). Estimates of Relative Acceptability from Paired Preferences. https://doi.org/10.31234/osf.io/gvq97",10.31234/osf.io/gvq97,https://doi.org/10.17605/OSF.IO/SGJ6N,other,NA,icecream,86,5,430 (5 pairs per judge),samples of commercially available vanilla ice creams,layperson,identify the samples they preferred,FALSE,NA,NA
Luckett2018_pizza,95,5,380,Luckett2018,"Luckett, C., Burns, S., & Jenkinson, L. (2018, September 21). Estimates of Relative Acceptability from Paired Preferences. https://doi.org/10.31234/osf.io/gvq97",10.31234/osf.io/gvq97,https://doi.org/10.17605/OSF.IO/SGJ6N,other,NA,pizza,91,5,455 (5 pairs per judge),samples of commercially available frozen four-cheese pizzas,layperson,identify the samples they preferred,FALSE,NA,NA
LuckettX_odor-familiar,52,5,520,LuckettX,"Luckett, C. (n.d.) Unpublished data.",NA,FALSE,other,NA,odor-familiar,??,6,??,"samples of odors (vanillin, linalool, r-carvone, pentyl acetate, phenylethyl alcohol, methyl scalicylate)",layperson,which odor is more familiar,FALSE,NA,snowballing
LuckettX_odor-pleasant,52,5,520,LuckettX,"Luckett, C. (n.d.) Unpublished data.",NA,FALSE,other,NA,odor-pleasant,??,6,??,"samples of odors (vanillin, linalool, r-carvone, pentyl acetate, phenylethyl alcohol, methyl scalicylate)",layperson,which odor is more pleasant,FALSE,NA,snowballing
Marshall2020_statistics,21,119,1911,Marshall2020,"Marshall, N., Shaw, K., Hunter, J., & Jones, I. (2020). Assessment by Comparative Judgement: An Application to Secondary Statistics and English in New Zealand. New Zealand Journal of Educational Studies, 55(1), 49–71.",10.1007/s40841-020-00163-3,FALSE,education,NA,statistics,21,113,1911,Secondary student statistics projects,expert,"unstated, but judges attended a training session",FALSE,NA,NA
Marshall2020_written,16,253,1856,Marshall2020,"Marshall, N., Shaw, K., Hunter, J., & Jones, I. (2020). Assessment by Comparative Judgement: An Application to Secondary Statistics and English in New Zealand. New Zealand Journal of Educational Studies, 55(1), 49–71.",10.1007/s40841-020-00163-3,FALSE,education,NA,written,17,253,1856,Secondary student written reports,expert,"unstated, but judges attended a training session",FALSE,NA,NA
McMahon2014_peer,37,154,3722,McMahon2014,"McMahon, S., & Jones, I. (2015). A comparative judgement approach to teacher assessment. Assessment in Education: Principles, Policy & Practice, 22(3), 368–389. https://doi.org/10.1080/0969594X.2014.978839",10.1080/0969594x.2014.978839,FALSE,education,NA,peer,37,154,3722,Secondary student chemistry experiment write-ups,peer,select the best science report,TRUE,NA,NA
McMahon2014_teachers,5,154,1550,McMahon2014,"McMahon, S., & Jones, I. (2015). A comparative judgement approach to teacher assessment. Assessment in Education: Principles, Policy & Practice, 22(3), 368–389. https://doi.org/10.1080/0969594X.2014.978839",10.1080/0969594x.2014.978839,FALSE,education,NA,teachers,5,154,1550,Secondary student chemistry experiment write-ups,expert,select the best science report,TRUE,NA,NA
Ofqual2015,35,2150,35000,Ofqual2015,"Ofqual (2015). A Comparison of Expected Difficulty, Actual Difficulty and Assessment of Problem Solving across GCSE Maths Sample Assessment Materials. https://tinyurl.com/y8v2e4xx",NA,FALSE,education,NA,NA,35,2150,35000,International secondary maths items (without student responses),expert,Which Item is the More Mathematically Difficult to Answer Fully?,FALSE,NA,snowballing
Pollitt2012a,23,564,3519,Pollitt2012a,"Whitehouse, C., & Pollitt, A. (2012). Using adaptive comparative judgement to obtain a highly reliable rank order in summative assessment. Manchester, NH: AQA Centre for Education Research and Policy. Retrieved from https://cerp.aqa.org.uk/research-library/using-adaptive-comparative-judgement-obtain-highly-reliable-rank-order-summative-assessment",NA,FALSE,education,NA,NA,23,564,3519,GCSE Geography essays,expert,which essay demonstrated the stronger performance?,TRUE,NA,NA
Pollitt2017_example2,18,122,2054,Pollitt2017,"Pollitt, A. (2017). Using professional judgement to equate exam standards. In Standard Setting in Education (pp. 279-298). Springer, Cham.",10.1007/978-3-319-50856-6_16,FALSE,education,NA,example2,18,122,2054,Papers from accountancy exams for age 17/18,expert,"not explicitly stated, but based on quality",FALSE,NA,NA
Pollitt2017_example4,54,999,8161,Pollitt2017,"Pollitt, A. (2017). Using professional judgement to equate exam standards. In Standard Setting in Education (pp. 279-298). Springer, Cham.",10.1007/978-3-319-50856-6_16,FALSE,education,NA,example4,52,1000,8161,"Pilot Level 4 Writing Tests, for pupils aged 9-12 years in England",expert,"not explicitly stated, but based on quality",TRUE,NA,NA
PollittX_art1,14,75,496,PollittX,"Pollitt, A. (n.d.). Unpublished data.",NA,FALSE,education,NA,art1,19,75,496,Visual art pieces from high schools,expert,Which is better? But I don't know the exact wording.,unknown,NA,snowballing
PollittX_art2,15,75,497,PollittX,"Pollitt, A. (n.d.). Unpublished data.",NA,FALSE,education,NA,art2,20,75,497,Art pieces from high schools,expert,Which is better? But I don't know the exact wording.,unknown,NA,snowballing
PollittX_business,4,40,200,PollittX,"Pollitt, A. (n.d.). Unpublished data.",NA,FALSE,education,NA,business,4,40,639,Exam scripts of 17/18 yo Business students,expert,Which is better? But I don't know the exact wording.,unknown,NA,snowballing
PollittX_college,5,72,411,PollittX,"Pollitt, A. (n.d.). Unpublished data.",NA,FALSE,education,NA,college,5,72,496,FE College Students’ portfolios on a given topic,expert,Which is better? But I don't know the exact wording.,unknown,NA,snowballing
PollittX_design,18,370,2569,PollittX,"Pollitt, A. (n.d.). Unpublished data.",NA,FALSE,education,NA,design,18,370,2569,Exam scripts of 17/18 yo Design students,expert,Which is better? But I don't know the exact wording.,unknown,NA,snowballing
PollittX_efl-oracy,32,134,932,PollittX,"Pollitt, A. (n.d.). Unpublished data.",NA,FALSE,education,NA,efl-oracy,39,134,932,Tape recordings of international candidates' Oral performances,expert,Which student speaks better?,unknown,NA,snowballing
PollittX_efl-writing,10,100,1000,PollittX,"Pollitt, A. (n.d.). Unpublished data.",NA,FALSE,education,NA,efl-writing,10,100,1000,EFL writing in a European country,expert,Which is better? (without any specific training),unknown,NA,snowballing
PollittX_ielts-writing,12,90,639,PollittX,"Pollitt, A. (n.d.). Unpublished data.",NA,FALSE,education,NA,ielts-writing,15,90,639,IELTS writing scripts,expert,Which student is better at writing in English?,unknown,NA,snowballing
PollittX_mcq-difficulty,7,200,2002,PollittX,"Pollitt, A. (n.d.). Unpublished data.",NA,FALSE,education,NA,mcq-difficulty,7,200,2002,Multiple Choice items from a professional qualification test,expert,Which item do you think will be the more difficult?,unknown,NA,snowballing
PollittX_music,39,804,4148,PollittX,"Pollitt, A. (n.d.). Unpublished data.",NA,FALSE,education,NA,music,39,804,4148,Music performances,expert,Which performance was better?,unknown,NA,snowballing
PollittX_peer-assessment,128,128,1272,PollittX,"Pollitt, A. (n.d.). Unpublished data.",NA,FALSE,education,NA,peer-assessment,135,128,1272,Technical Design Brief portfolios written by University Teacher Training students,peer,The student judge analysed each portfolio for evidence of capability and then decided on which portfolio was better.,unknown,NA,snowballing
PollittX_philosophy1,29,700,4436,PollittX,"Pollitt, A. (n.d.). Unpublished data.",NA,FALSE,education,NA,philosophy1,29,700,4436,Essays in a philosophy exam,expert,Which is better? But I don't know the exact wording.,unknown,NA,snowballing
PollittX_philosophy2a,20,320,1610,PollittX,"Pollitt, A. (n.d.). Unpublished data.",NA,FALSE,education,NA,philosophy2a,20,320,1610,Essays in a philosophy exam,expert,Which is better? But I don't know the exact wording.,unknown,NA,snowballing
PollittX_philosophy2b,20,320,1621,PollittX,"Pollitt, A. (n.d.). Unpublished data.",NA,FALSE,education,NA,philosophy2b,20,320,1621,Essays in a philosophy exam,expert,Which is better? But I don't know the exact wording.,unknown,NA,snowballing
PollittX_philosophy2c,20,320,1631,PollittX,"Pollitt, A. (n.d.). Unpublished data.",NA,FALSE,education,NA,philosophy2c,20,320,1631,Essays in a philosophy exam,expert,Which is better? But I don't know the exact wording.,unknown,NA,snowballing
Ramos2021_Auckland,16,9,320,Ramos2021,"Mejía Ramos, J.P., Evans, T., Rittberg, C. et al. Mathematicians’ Assessments of the Explanatory Value of Proofs. Axiomathes (2021). ",10.1007/s10516-021-09545-8,https://doi.org/10.17028/rd.lboro.12458486.v1,other,NA,Auckland,16,9,320,Mathematical explanations,expert,which argument best explains why the proposition holds,FALSE,NA,NA
Ramos2021_Rutgers,22,9,440,Ramos2021,"Mejía Ramos, J.P., Evans, T., Rittberg, C. et al. Mathematicians’ Assessments of the Explanatory Value of Proofs. Axiomathes (2021). ",10.1007/s10516-021-09545-8,https://doi.org/10.17028/rd.lboro.12458486.v1,other,NA,Rutgers,22,9,440,Mathematical explanations,expert,which argument best explains why the proposition holds,FALSE,NA,NA
Sangwin2021_study1-insight,29,13,454,Sangwin2021,"Sangwin, C., & Kinnear, G. (2021, June 4). Investigating insight and rigour as separate constructs in mathematical proof. https://doi.org/10.35542/osf.io/egks4",NA,http://doi.org/10.5281/zenodo.4893915,education,NA,study1-insight,29,13,not reported (judges were asked to do between 10 and 25),proofs,novice,select the proof which gives more insight,FALSE,NA,snowballing
Sangwin2021_study1-rigour,24,13,438,Sangwin2021,"Sangwin, C., & Kinnear, G. (2021, June 4). Investigating insight and rigour as separate constructs in mathematical proof. https://doi.org/10.35542/osf.io/egks4",NA,http://doi.org/10.5281/zenodo.4893915,education,NA,study1-rigour,24,13,not reported (judges were asked to do between 10 and 25),proofs,novice,select the proof which is more rigorous,FALSE,NA,snowballing
Sangwin2021_study2-insight,25,15,438,Sangwin2021,"Sangwin, C., & Kinnear, G. (2021, June 4). Investigating insight and rigour as separate constructs in mathematical proof. https://doi.org/10.35542/osf.io/egks4",NA,http://doi.org/10.5281/zenodo.4893915,education,NA,study2-insight,25,15,438,proofs,novice,which proof gives more insight into why the theorem is true?,FALSE,NA,snowballing
Sangwin2021_study2-marks,23,15,382,Sangwin2021,"Sangwin, C., & Kinnear, G. (2021, June 4). Investigating insight and rigour as separate constructs in mathematical proof. https://doi.org/10.35542/osf.io/egks4",NA,http://doi.org/10.5281/zenodo.4893915,education,NA,study2-marks,23,15,382,proofs,novice,which proof would get the most marks in an assessment?,FALSE,NA,snowballing
Sangwin2021_study2-rigour,39,15,636,Sangwin2021,"Sangwin, C., & Kinnear, G. (2021, June 4). Investigating insight and rigour as separate constructs in mathematical proof. https://doi.org/10.35542/osf.io/egks4",NA,http://doi.org/10.5281/zenodo.4893915,education,NA,study2-rigour,39,15,636,proofs,novice,which proof is more rigorous?,FALSE,NA,snowballing
Sangwin2021_study2-simple,32,15,526,Sangwin2021,"Sangwin, C., & Kinnear, G. (2021, June 4). Investigating insight and rigour as separate constructs in mathematical proof. https://doi.org/10.35542/osf.io/egks4",NA,http://doi.org/10.5281/zenodo.4893915,education,NA,study2-simple,32,15,526,proofs,novice,which proof is the simplest?,FALSE,NA,snowballing
Sangwin2021_study2-understanding,34,15,611,Sangwin2021,"Sangwin, C., & Kinnear, G. (2021, June 4). Investigating insight and rigour as separate constructs in mathematical proof. https://doi.org/10.35542/osf.io/egks4",NA,http://doi.org/10.5281/zenodo.4893915,education,NA,study2-understanding,34,15,611,proofs,novice,which proof best helps you understand why the theorem is true?,FALSE,NA,snowballing
Settembri2018,4,84,622,Settembri2018,"Settembri, P., Van Gasse, R., Coertjens, L., & De Maeyer, S. (2018). Oranges and Apples? Using Comparative Judgement for Reliable Briefing Paper Assessment in Simulation Games. In Simulations of Decision-Making as Active Learning Tools (pp. 93-108). Springer, Cham.",10.1007/978-3-319-74147-5_8,FALSE,education,NA,NA,4,84,620,Political science students briefing documents,expert,not stated,FALSE,NA,NA
Smith2020,5,15,388,Smith2020,"Smith, M. (2020). Adaptive Comparative Judgement. In Practice-Focused Research in Further Adult and Vocational Education (pp. 77-98). Palgrave Macmillan, Cham.",10.1007/978-3-030-38994-9_5,FALSE,education,NA,NA,5,15,350,GSCE Creative writing samples,expert,Choose the most proficient text,TRUE,NA,NA
Spehar2016_expt2-Edges,50,9,3600,Spehar2016,"Spehar, B., Walker, N., & Taylor, R. P. (2016). Taxonomy of individual variations in aesthetic responses to fractal patterns. Frontiers in human neuroscience, 10, 350.",10.3389/fnhum.2016.00350,FALSE,other,Data for Experiment 1 was not available - see https://github.com/georgekinnear/cj-meta-analysis/issues/11,expt2-Edges,50,9,3600,Images of fractals,layperson,Which [fractal] appears more complex?,FALSE,NA,NA
Spehar2016_expt2-Fracts,50,9,3600,Spehar2016,"Spehar, B., Walker, N., & Taylor, R. P. (2016). Taxonomy of individual variations in aesthetic responses to fractal patterns. Frontiers in human neuroscience, 10, 350.",10.3389/fnhum.2016.00350,FALSE,other,Data for Experiment 1 was not available - see https://github.com/georgekinnear/cj-meta-analysis/issues/11,expt2-Fracts,50,9,3600,Images of fractals,layperson,Which [fractal] appears more complex?,FALSE,NA,NA
Spehar2016_expt2-Mountain,50,9,3600,Spehar2016,"Spehar, B., Walker, N., & Taylor, R. P. (2016). Taxonomy of individual variations in aesthetic responses to fractal patterns. Frontiers in human neuroscience, 10, 350.",10.3389/fnhum.2016.00350,FALSE,other,Data for Experiment 1 was not available - see https://github.com/georgekinnear/cj-meta-analysis/issues/11,expt2-Mountain,50,9,3600,Images of fractals,layperson,Which [fractal] appears more complex?,FALSE,NA,NA
Spehar2016_expt2-Plain,50,9,3600,Spehar2016,"Spehar, B., Walker, N., & Taylor, R. P. (2016). Taxonomy of individual variations in aesthetic responses to fractal patterns. Frontiers in human neuroscience, 10, 350.",10.3389/fnhum.2016.00350,FALSE,other,Data for Experiment 1 was not available - see https://github.com/georgekinnear/cj-meta-analysis/issues/11,expt2-Plain,50,9,3600,Images of fractals,layperson,Which [fractal] appears more complex?,FALSE,NA,NA
Spehar2016_expt2-Thr,50,9,3600,Spehar2016,"Spehar, B., Walker, N., & Taylor, R. P. (2016). Taxonomy of individual variations in aesthetic responses to fractal patterns. Frontiers in human neuroscience, 10, 350.",10.3389/fnhum.2016.00350,FALSE,other,Data for Experiment 1 was not available - see https://github.com/georgekinnear/cj-meta-analysis/issues/11,expt2-Thr,50,9,3600,Images of fractals,layperson,Which [fractal] appears more complex?,FALSE,NA,NA
StadthagenGonzalez2019_eng-to-spa,40,20,1200,StadthagenGonzalez2019,"Stadthagen-González, H., Parafita Couto, M. C., Párraga, C. A., & Damian, M. F. (2019). Testing alternative theoretical accounts of code-switching: Insights from comparative judgments of adjective–noun order. International Journal of Bilingualism, 23(1), 200-220.",10.1177/1367006917728390,FALSE,other,NA,eng-to-spa,40,20,1200,Sentences that start off in English then switch to Spanish,layperson,pick the one closer to the way they would speak to another bilingual person,FALSE,There are 5 base sentences with 4 variants. The paper summarises the scores at the level of the variants.,snowballing
StadthagenGonzalez2019_spa-to-eng,40,20,1200,StadthagenGonzalez2019,"Stadthagen-González, H., Parafita Couto, M. C., Párraga, C. A., & Damian, M. F. (2019). Testing alternative theoretical accounts of code-switching: Insights from comparative judgments of adjective–noun order. International Journal of Bilingualism, 23(1), 200-220.",10.1177/1367006917728390,FALSE,other,NA,spa-to-eng,40,20,1200,Sentences that start off in Spanish then switch to English,layperson,pick the one closer to the way they would speak to another bilingual person,FALSE,There are 5 base sentences with 4 variants. The paper summarises the scores at the level of the variants.,snowballing
Vatavu2019,108,49,4056,Vatavu2019,"Vanderdonckt, J., Zen, M., & Vatavu, R. D. (2019). AB4Web: An on-line A/B tester for comparing user interface design alternatives. Proceedings of the ACM on Human-Computer Interaction, 3(EICS), 1-28.",10.1145/3331160,FALSE,other,NA,NA,108,49,5400,graphical adaptive menus,layperson,select the variant they preferred by relying solely on visual aesthetics,FALSE,NA,snowballing
Vatavu2020,251,14,6595,Vatavu2020,"Vatavu, R. D., & Vanderdonckt, J. (2020, November). Design Space and Users’ Preferences for Smartglasses Graphical Menus: A Vignette Study. In 19th International Conference on Mobile and Ubiquitous Multimedia (pp. 1-12).",10.1145/3428361.3428467,FALSE,other,NA,NA,251,14,7530,menu layout preference,layperson,select the variants  preferred most by relying exclusively on the visual appearance of the presented information,FALSE,NA,NA
Zucco2019_experts,283,37,3101,Zucco2019,"Zucco Jr, C., Batista, M., & Power, T. J. (2019). Measuring portfolio salience using the Bradley–Terry model: An illustration with data from Brazil. Research & Politics, 6(1), 2053168019832089.",10.1177/2053168019832089,https://doi.org/10.7910/DVN/HJZSIM,other,NA,experts,278,37,3101,Brazilian governmental portfolios,expert,Which portfolio is most valuable?,FALSE,NA,NA
Zucco2019_legislators,140,37,560,Zucco2019,"Zucco Jr, C., Batista, M., & Power, T. J. (2019). Measuring portfolio salience using the Bradley–Terry model: An illustration with data from Brazil. Research & Politics, 6(1), 2053168019832089.",10.1177/2053168019832089,https://doi.org/10.7910/DVN/HJZSIM,other,NA,legislators,142,37,560,Brazilian governmental portfolios,expert,Which portfolio is most valuable?,FALSE,NA,NA
